INSERT INTO storages (st_name, st_location, st_capacity)
VALUES
    ('Storage A', 'Location 1, City X', 10000),
    ('Storage B', 'Location 2, City Y', 15000),
    ('Storage C', 'Location 3, City Z', 20000),
    ('Storage D', 'Location 4, City W', 12000),
    ('Storage E', 'Location 5, City V', 18000),
    ('Storage F', 'Location 6, City U', 9000),
    ('Storage G', 'Location 7, City T', 13000),
    ('Storage H', 'Location 8, City S', 11000),
    ('Storage I', 'Location 9, City R', 17000),
    ('Storage J', 'Location 10, City Q', 14000),
    ('Storage K', 'Location 11, City P', 9500),
    ('Storage L', 'Location 12, City O', 16000),
    ('Storage M', 'Location 13, City N', 21000),
    ('Storage N', 'Location 14, City M', 12500),
    ('Storage O', 'Location 15, City L', 19000),
    ('Storage P', 'Location 16, City K', 8500),
    ('Storage Q', 'Location 17, City J', 13500),
    ('Storage R', 'Location 18, City I', 11500),
    ('Storage S', 'Location 19, City H', 17500),
    ('Storage T', 'Location 20, City G', 14500),
    ('Storage U', 'Location 21, City F', 10500),
    ('Storage V', 'Location 22, City E', 15500),
    ('Storage W', 'Location 23, City D', 20500),
    ('Storage X', 'Location 24, City C', 13000),
    ('Storage Y', 'Location 25, City B', 18500),
    ('Storage Z', 'Location 26, City A', 8000),
    ('Storage AA', 'Location 27, City AA', 14000),
    ('Storage AB', 'Location 28, City AB', 16500),
    ('Storage AC', 'Location 29, City AC', 22000),
    ('Storage AD', 'Location 30, City AD', 11000),
    ('Storage AE', 'Location 31, City AE', 19500),
    ('Storage AF', 'Location 32, City AF', 7500),
    ('Storage AG', 'Location 33, City AG', 14500),
    ('Storage AH', 'Location 34, City AH', 12000),
    ('Storage AI', 'Location 35, City AI', 17000),
    ('Storage AJ', 'Location 36, City AJ', 15000),
    ('Storage AK', 'Location 37, City AK', 10000),
    ('Storage AL', 'Location 38, City AL', 16000),
    ('Storage AM', 'Location 39, City AM', 20000),
    ('Storage AN', 'Location 40, City AN', 12500),
    ('Storage AO', 'Location 41, City AO', 18000),
    ('Storage AP', 'Location 42, City AP', 9000),
    ('Storage AQ', 'Location 43, City AQ', 13000),
    ('Storage AR', 'Location 44, City AR', 11000),
    ('Storage AS', 'Location 45, City AS', 17500),
    ('Storage AT', 'Location 46, City AT', 14000),
    ('Storage AU', 'Location 47, City AU', 10500),
    ('Storage AV', 'Location 48, City AV', 15500),
    ('Storage AW', 'Location 49, City AW', 21000),
    ('Storage AX', 'Location 50, City AX', 12000),
    ('Storage AY', 'Location 51, City AY', 19000),
    ('Storage AZ', 'Location 52, City AZ', 8500),
    ('Storage BA', 'Location 53, City BA', 13500),
    ('Storage BB', 'Location 54, City BB', 11500),
    ('Storage BC', 'Location 55, City BC', 17000),
    ('Storage BD', 'Location 56, City BD', 15000),
    ('Storage BE', 'Location 57, City BE', 10000),
    ('Storage BF', 'Location 58, City BF', 16000),
    ('Storage BG', 'Location 59, City BG', 20000),
    ('Storage BH', 'Location 60, City BH', 12500);
    
INSERT INTO comm_devices (cd_type, cd_model, cd_manufacture, cd_freq_min, cd_freq_max, cd_status, cd_st_id)
VALUES
    ('Радиостанция', 'Model X', 'CommCorp', 144.0, 146.0, 'Active', 1),
    ('Радиостанция', 'Model Y', 'CommCorp', 430.0, 440.0, 'Active', 2),
    ('Радар', 'Model Z', 'RadarTech', 9000.0, 9500.0, 'Active', 3),
    ('Спутниковый терминал', 'Model A', 'SatCom', 12000.0, 12500.0, 'Active', 4),
    ('Радиостанция', 'Model B', 'CommCorp', 144.0, 146.0, 'Inactive', 5),
    ('Радиостанция', 'Model C', 'CommCorp', 430.0, 440.0, 'Active', 6),
    ('Радар', 'Model D', 'RadarTech', 9000.0, 9500.0, 'Inactive', 7),
    ('Спутниковый терминал', 'Model E', 'SatCom', 12000.0, 12500.0, 'Active', 8),
    ('Радиостанция', 'Model F', 'CommCorp', 144.0, 146.0, 'Active', 9),
    ('Радиостанция', 'Model G', 'CommCorp', 430.0, 440.0, 'Inactive', 10),
    ('Радар', 'Model H', 'RadarTech', 9000.0, 9500.0, 'Active', 1),
    ('Спутниковый терминал', 'Model I', 'SatCom', 12000.0, 12500.0, 'Active', 2),
    ('Радиостанция', 'Model J', 'CommCorp', 144.0, 146.0, 'Inactive', 3),
    ('Радиостанция', 'Model K', 'CommCorp', 430.0, 440.0, 'Active', 4),
    ('Радар', 'Model L', 'RadarTech', 9000.0, 9500.0, 'Inactive', 5),
    ('Спутниковый терминал', 'Model M', 'SatCom', 12000.0, 12500.0, 'Active', 6),
    ('Радиостанция', 'Model N', 'CommCorp', 144.0, 146.0, 'Active', 7),
    ('Радиостанция', 'Model O', 'CommCorp', 430.0, 440.0, 'Inactive', 8),
    ('Радар', 'Model P', 'RadarTech', 9000.0, 9500.0, 'Active', 9),
    ('Спутниковый терминал', 'Model Q', 'SatCom', 12000.0, 12500.0, 'Active', 10),
    ('Радиостанция', 'Model R', 'CommCorp', 144.0, 146.0, 'Inactive', 1),
    ('Радиостанция', 'Model S', 'CommCorp', 430.0, 440.0, 'Active', 2),
    ('Радар', 'Model T', 'RadarTech', 9000.0, 9500.0, 'Inactive', 3),
    ('Спутниковый терминал', 'Model U', 'SatCom', 12000.0, 12500.0, 'Active', 4),
    ('Радиостанция', 'Model V', 'CommCorp', 144.0, 146.0, 'Active', 5),
    ('Радиостанция', 'Model W', 'CommCorp', 430.0, 440.0, 'Inactive', 6),
    ('Радар', 'Model X', 'RadarTech', 9000.0, 9500.0, 'Active', 7),
    ('Спутниковый терминал', 'Model Y', 'SatCom', 12000.0, 12500.0, 'Active', 8),
    ('Радиостанция', 'Model Z', 'CommCorp', 144.0, 146.0, 'Inactive', 9),
    ('Радиостанция', 'Model AA', 'CommCorp', 430.0, 440.0, 'Active', 10),
    ('Радар', 'Model AB', 'RadarTech', 9000.0, 9500.0, 'Inactive', 1),
    ('Спутниковый терминал', 'Model AC', 'SatCom', 12000.0, 12500.0, 'Active', 2),
    ('Радиостанция', 'Model AD', 'CommCorp', 144.0, 146.0, 'Active', 3),
    ('Радиостанция', 'Model AE', 'CommCorp', 430.0, 440.0, 'Inactive', 4),
    ('Радар', 'Model AF', 'RadarTech', 9000.0, 9500.0, 'Active', 5),
    ('Спутниковый терминал', 'Model AG', 'SatCom', 12000.0, 12500.0, 'Active', 6),
    ('Радиостанция', 'Model AH', 'CommCorp', 144.0, 146.0, 'Inactive', 7),
    ('Радиостанция', 'Model AI', 'CommCorp', 430.0, 440.0, 'Active', 8),
    ('Радар', 'Model AJ', 'RadarTech', 9000.0, 9500.0, 'Inactive', 9),
    ('Спутниковый терминал', 'Model AK', 'SatCom', 12000.0, 12500.0, 'Active', 10),
    ('Радиостанция', 'Model AL', 'CommCorp', 144.0, 146.0, 'Active', 1),
    ('Радиостанция', 'Model AM', 'CommCorp', 430.0, 440.0, 'Inactive', 2),
    ('Радар', 'Model AN', 'RadarTech', 9000.0, 9500.0, 'Active', 3),
    ('Спутниковый терминал', 'Model AO', 'SatCom', 12000.0, 12500.0, 'Active', 4),
    ('Радиостанция', 'Model AP', 'CommCorp', 144.0, 146.0, 'Inactive', 5),
    ('Радиостанция', 'Model AQ', 'CommCorp', 430.0, 440.0, 'Active', 6),
    ('Радар', 'Model AR', 'RadarTech', 9000.0, 9500.0, 'Inactive', 7),
    ('Спутниковый терминал', 'Model AS', 'SatCom', 12000.0, 12500.0, 'Active', 8),
    ('Радиостанция', 'Model AT', 'CommCorp', 144.0, 146.0, 'Active', 9),
    ('Радиостанция', 'Model AU', 'CommCorp', 430.0, 440.0, 'Inactive', 10),
    ('Радар', 'Model AV', 'RadarTech', 9000.0, 9500.0, 'Active', 1),
    ('Спутниковый терминал', 'Model AW', 'SatCom', 12000.0, 12500.0, 'Active', 2),
    ('Радиостанция', 'Model AX', 'CommCorp', 144.0, 146.0, 'Inactive', 3),
    ('Радиостанция', 'Model AY', 'CommCorp', 430.0, 440.0, 'Active', 4),
    ('Радар', 'Model AZ', 'RadarTech', 9000.0, 9500.0, 'Inactive', 5),
    ('Спутниковый терминал', 'Model BA', 'SatCom', 12000.0, 12500.0, 'Active', 6);

INSERT INTO equipment (eq_type, eq_model, eq_manufacture, eq_size, eq_status, eq_st_id) 
VALUES
    ('Бронежилет', 'Модель X-100', 'Завод защитных технологий', 'L', 'Новое', 12),
    ('Каска', 'Модель K-200', 'Завод защитных технологий', 'M', 'Б/У', 45),
    ('Униформа', 'Полевая форма', 'ТекстильПроф', 'XL', 'Новое', 7),
    ('Бронежилет', 'Модель X-200', 'Завод защитных технологий', 'M', 'Б/У', 33),
    ('Каска', 'Модель K-300', 'Завод защитных технологий', 'L', 'Новое', 56),
    ('Униформа', 'Офисная форма', 'ТекстильПроф', 'S', 'Новое', 21),
    ('Бронежилет', 'Модель X-300', 'Завод защитных технологий', 'XL', 'Б/У', 8),
    ('Каска', 'Модель K-400', 'Завод защитных технологий', 'S', 'Новое', 59),
    ('Униформа', 'Зимняя форма', 'ТекстильПроф', 'M', 'Новое', 14),
    ('Бронежилет', 'Модель X-400', 'Завод защитных технологий', 'L', 'Новое', 27),
    ('Каска', 'Модель K-500', 'Завод защитных технологий', 'M', 'Б/У', 38),
    ('Униформа', 'Летняя форма', 'ТекстильПроф', 'XL', 'Новое', 3),
    ('Бронежилет', 'Модель X-500', 'Завод защитных технологий', 'M', 'Б/У', 49),
    ('Каска', 'Модель K-600', 'Завод защитных технологий', 'L', 'Новое', 17),
    ('Униформа', 'Дождевик', 'ТекстильПроф', 'S', 'Новое', 60),
    ('Бронежилет', 'Модель X-600', 'Завод защитных технологий', 'XL', 'Б/У', 22),
    ('Каска', 'Модель K-700', 'Завод защитных технологий', 'S', 'Новое', 41),
    ('Униформа', 'Камуфляж', 'ТекстильПроф', 'M', 'Новое', 10),
    ('Бронежилет', 'Модель X-700', 'Завод защитных технологий', 'L', 'Новое', 55),
    ('Каска', 'Модель K-800', 'Завод защитных технологий', 'M', 'Б/У', 29),
    ('Униформа', 'Тропическая форма', 'ТекстильПроф', 'XL', 'Новое', 6),
    ('Бронежилет', 'Модель X-800', 'Завод защитных технологий', 'M', 'Б/У', 34),
    ('Каска', 'Модель K-900', 'Завод защитных технологий', 'L', 'Новое', 47),
    ('Униформа', 'Пустынная форма', 'ТекстильПроф', 'S', 'Новое', 18),
    ('Бронежилет', 'Модель X-900', 'Завод защитных технологий', 'XL', 'Б/У', 52),
    ('Каска', 'Модель K-1000', 'Завод защитных технологий', 'S', 'Новое', 25),
    ('Униформа', 'Арктическая форма', 'ТекстильПроф', 'M', 'Новое', 39),
    ('Бронежилет', 'Модель X-1000', 'Завод защитных технологий', 'L', 'Новое', 11),
    ('Каска', 'Модель K-1100', 'Завод защитных технологий', 'M', 'Б/У', 44),
    ('Униформа', 'Городская форма', 'ТекстильПроф', 'XL', 'Новое', 2),
    ('Бронежилет', 'Модель X-1100', 'Завод защитных технологий', 'M', 'Б/У', 57),
    ('Каска', 'Модель K-1200', 'Завод защитных технологий', 'L', 'Новое', 30),
    ('Униформа', 'Парадная форма', 'ТекстильПроф', 'S', 'Новое', 13),
    ('Бронежилет', 'Модель X-1200', 'Завод защитных технологий', 'XL', 'Б/У', 48),
    ('Каска', 'Модель K-1300', 'Завод защитных технологий', 'S', 'Новое', 20),
    ('Униформа', 'Штурмовая форма', 'ТекстильПроф', 'M', 'Новое', 5),
    ('Бронежилет', 'Модель X-1300', 'Завод защитных технологий', 'L', 'Новое', 36),
    ('Каска', 'Модель K-1400', 'Завод защитных технологий', 'M', 'Б/У', 53),
    ('Униформа', 'Спецназовская форма', 'ТекстильПроф', 'XL', 'Новое', 9),
    ('Бронежилет', 'Модель X-1400', 'Завод защитных технологий', 'M', 'Б/У', 24),
    ('Каска', 'Модель K-1500', 'Завод защитных технологий', 'L', 'Новое', 58),
    ('Униформа', 'Морская форма', 'ТекстильПроф', 'S', 'Новое', 15),
    ('Бронежилет', 'Модель X-1500', 'Завод защитных технологий', 'XL', 'Б/У', 40),
    ('Каска', 'Модель K-1600', 'Завод защитных технологий', 'S', 'Новое', 26),
    ('Униформа', 'Горная форма', 'ТекстильПроф', 'M', 'Новое', 1),
    ('Бронежилет', 'Модель X-1600', 'Завод защитных технологий', 'L', 'Новое', 50),
    ('Каска', 'Модель K-1700', 'Завод защитных технологий', 'M', 'Б/У', 35),
    ('Униформа', 'Лесная форма', 'ТекстильПроф', 'XL', 'Новое', 4),
    ('Бронежилет', 'Модель X-1700', 'Завод защитных технологий', 'M', 'Б/У', 54),
    ('Каска', 'Модель K-1800', 'Завод защитных технологий', 'L', 'Новое', 19),
    ('Униформа', 'Степная форма', 'ТекстильПроф', 'S', 'Новое', 42),
    ('Бронежилет', 'Модель X-1800', 'Завод защитных технологий', 'XL', 'Б/У', 28),
    ('Каска', 'Модель K-1900', 'Завод защитных технологий', 'S', 'Новое', 16),
    ('Униформа', 'Десантная форма', 'ТекстильПроф', 'M', 'Новое', 37),
    ('Бронежилет', 'Модель X-1900', 'Завод защитных технологий', 'L', 'Новое', 51),
    ('Каска', 'Модель K-2000', 'Завод защитных технологий', 'M', 'Б/У', 23),
    ('Униформа', 'Разведывательная форма', 'ТекстильПроф', 'XL', 'Новое', 32),
    ('Бронежилет', 'Модель X-2000', 'Завод защитных технологий', 'M', 'Б/У', 46),
    ('Каска', 'Модель K-2100', 'Завод защитных технологий', 'L', 'Новое', 31),
    ('Униформа', 'Штурмовая форма 2.0', 'ТекстильПроф', 'S', 'Новое', 43);

INSERT INTO med_supplies (ms_type, ms_title, ms_manufacture, ms_quantity, ms_expr_date, ms_st_id) 
VALUES
    ('Перевязочные материалы', 'Бинт стерильный', 'МедТехника', 150, '2025-03-15', 12),
    ('Лекарства', 'Анальгин', 'ФармаГрупп', 80, '2024-11-20', 45),
    ('Антисептики', 'Хлоргексидин', 'БиоМед', 200, '2026-05-10', 7),
    ('Перевязочные материалы', 'Марля', 'МедТехника', 120, '2025-07-25', 33),
    ('Лекарства', 'Парацетамол', 'ФармаГрупп', 90, '2024-09-30', 56),
    ('Антисептики', 'Йод', 'БиоМед', 50, '2025-12-01', 21),
    ('Перевязочные материалы', 'Пластырь', 'МедТехника', 180, '2026-02-14', 8),
    ('Лекарства', 'Аспирин', 'ФармаГрупп', 70, '2024-08-05', 59),
    ('Антисептики', 'Перекись водорода', 'БиоМед', 100, '2025-10-12', 14),
    ('Перевязочные материалы', 'Бинт эластичный', 'МедТехника', 60, '2024-06-18', 27),
    ('Лекарства', 'Ибупрофен', 'ФармаГрупп', 110, '2025-01-22', 38),
    ('Антисептики', 'Спирт медицинский', 'БиоМед', 40, '2026-03-30', 3),
    ('Перевязочные материалы', 'Салфетки стерильные', 'МедТехника', 170, '2025-09-15', 49),
    ('Лекарства', 'Цитрамон', 'ФармаГрупп', 85, '2024-12-10', 17),
    ('Антисептики', 'Бетадин', 'БиоМед', 75, '2026-07-05', 60),
    ('Перевязочные материалы', 'Жгут медицинский', 'МедТехника', 30, '2025-04-20', 22),
    ('Лекарства', 'Но-шпа', 'ФармаГрупп', 95, '2024-10-25', 41),
    ('Антисептики', 'Мирамистин', 'БиоМед', 130, '2026-01-15', 10),
    ('Перевязочные материалы', 'Вата', 'МедТехника', 200, '2025-08-30', 55),
    ('Лекарства', 'Кеторол', 'ФармаГрупп', 65, '2024-07-12', 29),
    ('Антисептики', 'Фурацилин', 'БиоМед', 45, '2026-04-18', 6),
    ('Перевязочные материалы', 'Бинт нестерильный', 'МедТехника', 140, '2025-02-28', 34),
    ('Лекарства', 'Нимесил', 'ФармаГрупп', 55, '2024-05-22', 47),
    ('Антисептики', 'Зеленка', 'БиоМед', 160, '2026-06-10', 18),
    ('Перевязочные материалы', 'Повязка', 'МедТехника', 25, '2025-11-05', 52),
    ('Лекарства', 'Амоксициллин', 'ФармаГрупп', 105, '2024-03-15', 25),
    ('Антисептики', 'СептоМир', 'БиоМед', 90, '2026-09-20', 39),
    ('Перевязочные материалы', 'Бинт марлевый', 'МедТехника', 75, '2025-12-25', 11),
    ('Лекарства', 'Левомицетин', 'ФармаГрупп', 115, '2024-04-30', 44),
    ('Антисептики', 'Хлорофиллипт', 'БиоМед', 35, '2026-08-15', 2),
    ('Перевязочные материалы', 'Салфетки антисептические', 'МедТехника', 180, '2025-06-10', 57),
    ('Лекарства', 'Диклофенак', 'ФармаГрупп', 50, '2024-02-05', 30),
    ('Антисептики', 'Борная кислота', 'БиоМед', 200, '2026-10-12', 13),
    ('Перевязочные материалы', 'Бинт трубчатый', 'МедТехника', 40, '2025-03-20', 48),
    ('Лекарства', 'Азитромицин', 'ФармаГрупп', 85, '2024-01-18', 20),
    ('Антисептики', 'Сангвиритрин', 'БиоМед', 120, '2026-11-25', 5),
    ('Перевязочные материалы', 'Пластырь бактерицидный', 'МедТехника', 95, '2025-07-15', 36),
    ('Лекарства', 'Метронидазол', 'ФармаГрупп', 70, '2024-09-10', 53),
    ('Антисептики', 'Этанол', 'БиоМед', 150, '2026-12-30', 9),
    ('Перевязочные материалы', 'Бинт компрессионный', 'МедТехника', 65, '2025-05-22', 24),
    ('Лекарства', 'Цефтриаксон', 'ФармаГрупп', 110, '2024-08-15', 58),
    ('Антисептики', 'Фукорцин', 'БиоМед', 80, '2026-02-10', 15),
    ('Перевязочные материалы', 'Салфетки гемостатические', 'МедТехника', 130, '2025-10-05', 40),
    ('Лекарства', 'Ампициллин', 'ФармаГрупп', 45, '2024-06-20', 26),
    ('Антисептики', 'Риванол', 'БиоМед', 170, '2026-03-15', 1),
    ('Перевязочные материалы', 'Бинт трикотажный', 'МедТехника', 55, '2025-01-30', 50),
    ('Лекарства', 'Цефазолин', 'ФармаГрупп', 100, '2024-12-12', 35),
    ('Антисептики', 'Декасан', 'БиоМед', 90, '2026-07-22', 4),
    ('Перевязочные материалы', 'Пластырь рулонный', 'МедТехника', 75, '2025-09-10', 54),
    ('Лекарства', 'Линкомицин', 'ФармаГрупп', 60, '2024-03-25', 19),
    ('Антисептики', 'Йодинол', 'БиоМед', 140, '2026-05-18', 42),
    ('Перевязочные материалы', 'Бинт сетчатый', 'МедТехника', 85, '2025-04-15', 28),
    ('Лекарства', 'Доксициклин', 'ФармаГрупп', 95, '2024-11-05', 16),
    ('Антисептики', 'Малавит', 'БиоМед', 110, '2026-08-30', 37),
    ('Перевязочные материалы', 'Салфетки спиртовые', 'МедТехника', 50, '2025-12-20', 51),
    ('Лекарства', 'Тетрациклин', 'ФармаГрупп', 120, '2024-10-15', 23),
    ('Антисептики', 'Протаргол', 'БиоМед', 65, '2026-09-10', 32),
    ('Перевязочные материалы', 'Бинт эластичный сетчатый', 'МедТехника', 180, '2025-03-05', 46),
    ('Лекарства', 'Эритромицин', 'ФармаГрупп', 40, '2024-07-22', 31),
    ('Антисептики', 'Колларгол', 'БиоМед', 200, '2026-10-25', 43);

INSERT INTO ammunition (am_type, am_caliber, am_quantity, am_manuf_date, am_expr_date, am_st_id)
VALUES
    ('Патроны', '7.62x39', 100, 2020, '2030-01-01', 1),
    ('Патроны', '5.56x45', 200, 2019, '2029-05-15', 2),
    ('Гранаты', '40mm', 50, 2021, '2031-03-20', 3),
    ('Патроны', '9x19', 150, 2018, '2028-12-10', 4),
    ('Снаряды', '120mm', 30, 2022, '2032-07-25', 5),
    ('Патроны', '7.62x54R', 120, 2020, '2030-11-30', 6),
    ('Гранаты', '40mm', 60, 2021, '2031-08-12', 7),
    ('Патроны', '5.45x39', 180, 2019, '2029-09-18', 8),
    ('Снаряды', '105mm', 40, 2022, '2032-04-05', 9),
    ('Патроны', '12.7x108', 80, 2020, '2030-06-22', 10),
    ('Патроны', '7.62x39', 90, 2021, '2031-02-14', 1),
    ('Патроны', '5.56x45', 210, 2019, '2029-07-19', 2),
    ('Гранаты', '40mm', 55, 2020, '2030-10-11', 3),
    ('Патроны', '9x19', 160, 2018, '2028-11-09', 4),
    ('Снаряды', '120mm', 35, 2022, '2032-08-30', 5),
    ('Патроны', '7.62x54R', 130, 2021, '2031-12-25', 6),
    ('Гранаты', '40mm', 65, 2020, '2030-03-17', 7),
    ('Патроны', '5.45x39', 190, 2019, '2029-06-28', 8),
    ('Снаряды', '105mm', 45, 2022, '2032-05-14', 9),
    ('Патроны', '12.7x108', 85, 2021, '2031-09-10', 10),
    ('Патроны', '7.62x39', 95, 2020, '2030-04-12', 1),
    ('Патроны', '5.56x45', 220, 2019, '2029-08-21', 2),
    ('Гранаты', '40mm', 70, 2021, '2031-01-05', 3),
    ('Патроны', '9x19', 170, 2018, '2028-10-30', 4),
    ('Снаряды', '120mm', 25, 2022, '2032-09-15', 5),
    ('Патроны', '7.62x54R', 140, 2020, '2030-07-18', 6),
    ('Гранаты', '40mm', 75, 2021, '2031-11-22', 7),
    ('Патроны', '5.45x39', 200, 2019, '2029-04-09', 8),
    ('Снаряды', '105mm', 50, 2022, '2032-06-20', 9),
    ('Патроны', '12.7x108', 90, 2020, '2030-12-31', 10),
    ('Патроны', '7.62x39', 110, 2021, '2031-03-28', 1),
    ('Патроны', '5.56x45', 230, 2019, '2029-10-11', 2),
    ('Гранаты', '40mm', 80, 2020, '2030-02-14', 3),
    ('Патроны', '9x19', 180, 2018, '2028-09-25', 4),
    ('Снаряды', '120mm', 20, 2022, '2032-10-10', 5),
    ('Патроны', '7.62x54R', 150, 2021, '2031-05-17', 6),
    ('Гранаты', '40mm', 85, 2020, '2030-08-22', 7),
    ('Патроны', '5.45x39', 210, 2019, '2029-12-30', 8),
    ('Снаряды', '105mm', 55, 2022, '2032-01-15', 9),
    ('Патроны', '12.7x108', 95, 2021, '2031-07-19', 10),
    ('Патроны', '7.62x39', 105, 2020, '2030-05-20', 1),
    ('Патроны', '5.56x45', 240, 2019, '2029-11-12', 2),
    ('Гранаты', '40mm', 90, 2021, '2031-04-18', 3),
    ('Патроны', '9x19', 190, 2018, '2028-08-14', 4),
    ('Снаряды', '120mm', 15, 2022, '2032-12-05', 5),
    ('Патроны', '7.62x54R', 160, 2020, '2030-09-28', 6),
    ('Гранаты', '40mm', 95, 2021, '2031-06-21', 7),
    ('Патроны', '5.45x39', 220, 2019, '2029-03-22', 8),
    ('Снаряды', '105mm', 60, 2022, '2032-02-10', 9),
    ('Патроны', '12.7x108', 100, 2020, '2030-01-31', 10);

INSERT INTO weapons (w_type, w_model, w_manufacture, w_caliber, w_status, w_st_id)
VALUES
    ('Автомат', 'AK-74', 'Ижмаш', '5.45x39', 'Active', 1),
    ('Пистолет', 'ПМ', 'Ижмех', '9x18', 'Active', 2),
    ('Снайперская винтовка', 'СВД', 'Ижмаш', '7.62x54R', 'Active', 3),
    ('Пулемет', 'ПКМ', 'Дегтярёв', '7.62x54R', 'Active', 4),
    ('Гранатомет', 'РПГ-7', 'Базальт', '40mm', 'Active', 5),
    ('Автомат', 'АК-12', 'Калашников', '5.45x39', 'Active', 6),
    ('Пистолет', 'ГШ-18', 'КБП', '9x19', 'Active', 7),
    ('Снайперская винтовка', 'ОСВ-96', 'КБП', '12.7x108', 'Active', 8),
    ('Пулемет', 'Печенег', 'ЦНИИТочмаш', '7.62x54R', 'Active', 9),
    ('Гранатомет', 'РПГ-29', 'Базальт', '105mm', 'Active', 10),
    ('Автомат', 'АК-74М', 'Ижмаш', '5.45x39', 'Inactive', 1),
    ('Пистолет', 'ПММ', 'Ижмех', '9x18', 'Inactive', 2),
    ('Снайперская винтовка', 'СВДМ', 'Ижмаш', '7.62x54R', 'Inactive', 3),
    ('Пулемет', 'ПКП', 'Дегтярёв', '7.62x54R', 'Inactive', 4),
    ('Гранатомет', 'РПГ-28', 'Базальт', '125mm', 'Inactive', 5),
    ('Автомат', 'АК-15', 'Калашников', '7.62x39', 'Active', 6),
    ('Пистолет', 'ПЯ', 'Ижмех', '9x19', 'Active', 7),
    ('Снайперская винтовка', 'ВСС', 'ЦНИИТочмаш', '9x39', 'Active', 8),
    ('Пулемет', 'РПК-16', 'Калашников', '5.45x39', 'Active', 9),
    ('Гранатомет', 'РПГ-30', 'Базальт', '105mm', 'Active', 10),
    ('Автомат', 'АК-103', 'Ижмаш', '7.62x39', 'Inactive', 1),
    ('Пистолет', 'СР-1', 'ЦНИИТочмаш', '9x21', 'Inactive', 2),
    ('Снайперская винтовка', 'Т-5000', 'Орсис', '7.62x51', 'Inactive', 3),
    ('Пулемет', 'АЕК-999', 'Ковровский завод', '7.62x54R', 'Inactive', 4),
    ('Гранатомет', 'РПГ-32', 'Базальт', '105mm', 'Inactive', 5),
    ('Автомат', 'АК-74Н', 'Ижмаш', '5.45x39', 'Active', 6),
    ('Пистолет', 'МР-443', 'Ижмех', '9x19', 'Active', 7),
    ('Снайперская винтовка', 'МЦ-116М', 'ЦНИИТочмаш', '7.62x54R', 'Active', 8),
    ('Пулемет', 'ПКМН', 'Дегтярёв', '7.62x54R', 'Active', 9),
    ('Гранатомет', 'РПГ-26', 'Базальт', '72.5mm', 'Active', 10),
    ('Автомат', 'АК-105', 'Ижмаш', '5.45x39', 'Inactive', 1),
    ('Пистолет', 'МР-353', 'Ижмех', '9x17', 'Inactive', 2),
    ('Снайперская винтовка', 'ВСК-94', 'ЦНИИТочмаш', '9x39', 'Inactive', 3),
    ('Пулемет', 'РПК-74', 'Калашников', '5.45x39', 'Inactive', 4),
    ('Гранатомет', 'РПГ-22', 'Базальт', '72.5mm', 'Inactive', 5),
    ('Автомат', 'АК-104', 'Ижмаш', '7.62x39', 'Active', 6),
    ('Пистолет', 'МР-655К', 'Ижмех', '9x17', 'Active', 7),
    ('Снайперская винтовка', 'СВ-98', 'Ижмаш', '7.62x54R', 'Active', 8),
    ('Пулемет', 'ПКМС', 'Дегтярёв', '7.62x54R', 'Active', 9),
    ('Гранатомет', 'РПГ-18', 'Базальт', '64mm', 'Active', 10),
    ('Автомат', 'АК-74Н2', 'Ижмаш', '5.45x39', 'Inactive', 1),
    ('Пистолет', 'МР-446', 'Ижмех', '9x19', 'Inactive', 2),
    ('Снайперская винтовка', 'СВ-99', 'Ижмаш', '7.62x54R', 'Inactive', 3),
    ('Пулемет', 'ПКМН2', 'Дегтярёв', '7.62x54R', 'Inactive', 4),
    ('Гранатомет', 'РПГ-27', 'Базальт', '105mm', 'Inactive', 5),
    ('Автомат', 'АК-74М2', 'Ижмаш', '5.45x39', 'Active', 6),
    ('Пистолет', 'МР-654К', 'Ижмех', '9x17', 'Active', 7),
    ('Снайперская винтовка', 'СВ-98М', 'Ижмаш', '7.62x54R', 'Active', 8),
    ('Пулемет', 'ПКМСН', 'Дегтярёв', '7.62x54R', 'Active', 9),
    ('Гранатомет', 'РПГ-16', 'Базальт', '58mm', 'Active', 10),
    ('Автомат', 'АК-74Н3', 'Ижмаш', '5.45x39', 'Inactive', 1),
    ('Пистолет', 'МР-448', 'Ижмех', '9x17', 'Inactive', 2),
    ('Снайперская винтовка', 'СВ-99М', 'Ижмаш', '7.62x54R', 'Inactive', 3),
    ('Пулемет', 'ПКМСН2', 'Дегтярёв', '7.62x54R', 'Inactive', 4),
    ('Гранатомет', 'РПГ-7В2', 'Базальт', '40mm', 'Inactive', 5),
    ('Автомат', 'АК-74М3', 'Ижмаш', '5.45x39', 'Active', 6),
    ('Пистолет', 'МР-449', 'Ижмех', '9x17', 'Active', 7),
    ('Снайперская винтовка', 'СВ-99М2', 'Ижмаш', '7.62x54R', 'Active', 8),
    ('Пулемет', 'ПКМСН3', 'Дегтярёв', '7.62x54R', 'Active', 9),
    ('Гранатомет', 'РПГ-7В3', 'Базальт', '40mm', 'Active', 10);

INSERT INTO m2m_weapons_ammunition (wa_w_id, wa_am_id)
SELECT w.w_id, am.am_id
FROM weapons w
JOIN ammunition am ON w.w_caliber = am.am_caliber
LIMIT 60;

INSERT INTO eng_equipment (ee_type, ee_model, ee_manufacture, ee_manuf_year, ee_status, ee_st_id)
VALUES
    ('Бульдозер', 'D6T', 'Caterpillar', 2018, 'Active', 1),
    ('Экскаватор', '320D', 'Caterpillar', 2019, 'Active', 2),
    ('Кран', 'LTM 1100', 'Liebherr', 2020, 'Active', 3),
    ('Бетономешалка', 'MX30', 'Cifa', 2021, 'Active', 4),
    ('Грузовик', 'Actros', 'Mercedes-Benz', 2017, 'Inactive', 5),
    ('Бульдозер', 'D9T', 'Caterpillar', 2018, 'Active', 6),
    ('Экскаватор', '330D', 'Caterpillar', 2019, 'Active', 7),
    ('Кран', 'LTM 1200', 'Liebherr', 2020, 'Active', 8),
    ('Бетономешалка', 'MX40', 'Cifa', 2021, 'Active', 9),
    ('Грузовик', 'Arocs', 'Mercedes-Benz', 2017, 'Inactive', 10),
    ('Бульдозер', 'D7E', 'Caterpillar', 2018, 'Active', 1),
    ('Экскаватор', '336D', 'Caterpillar', 2019, 'Active', 2),
    ('Кран', 'LTM 1300', 'Liebherr', 2020, 'Active', 3),
    ('Бетономешалка', 'MX50', 'Cifa', 2021, 'Active', 4),
    ('Грузовик', 'Actros L', 'Mercedes-Benz', 2017, 'Inactive', 5),
    ('Бульдозер', 'D8T', 'Caterpillar', 2018, 'Active', 6),
    ('Экскаватор', '340D', 'Caterpillar', 2019, 'Active', 7),
    ('Кран', 'LTM 1400', 'Liebherr', 2020, 'Active', 8),
    ('Бетономешалка', 'MX60', 'Cifa', 2021, 'Active', 9),
    ('Грузовик', 'Arocs L', 'Mercedes-Benz', 2017, 'Inactive', 10),
    ('Бульдозер', 'D10T', 'Caterpillar', 2018, 'Active', 1),
    ('Экскаватор', '350D', 'Caterpillar', 2019, 'Active', 2),
    ('Кран', 'LTM 1500', 'Liebherr', 2020, 'Active', 3),
    ('Бетономешалка', 'MX70', 'Cifa', 2021, 'Active', 4),
    ('Грузовик', 'Actros LS', 'Mercedes-Benz', 2017, 'Inactive', 5),
    ('Бульдозер', 'D11T', 'Caterpillar', 2018, 'Active', 6),
    ('Экскаватор', '365D', 'Caterpillar', 2019, 'Active', 7),
    ('Кран', 'LTM 1600', 'Liebherr', 2020, 'Active', 8),
    ('Бетономешалка', 'MX80', 'Cifa', 2021, 'Active', 9),
    ('Грузовик', 'Arocs LS', 'Mercedes-Benz', 2017, 'Inactive', 10),
    ('Бульдозер', 'D5K', 'Caterpillar', 2018, 'Active', 1),
    ('Экскаватор', '390D', 'Caterpillar', 2019, 'Active', 2),
    ('Кран', 'LTM 1700', 'Liebherr', 2020, 'Active', 3),
    ('Бетономешалка', 'MX90', 'Cifa', 2021, 'Active', 4),
    ('Грузовик', 'Actros LX', 'Mercedes-Benz', 2017, 'Inactive', 5),
    ('Бульдозер', 'D6K', 'Caterpillar', 2018, 'Active', 6),
    ('Экскаватор', '395D', 'Caterpillar', 2019, 'Active', 7),
    ('Кран', 'LTM 1800', 'Liebherr', 2020, 'Active', 8),
    ('Бетономешалка', 'MX100', 'Cifa', 2021, 'Active', 9),
    ('Грузовик', 'Arocs LX', 'Mercedes-Benz', 2017, 'Inactive', 10),
    ('Бульдозер', 'D7K', 'Caterpillar', 2018, 'Active', 1),
    ('Экскаватор', '365D L', 'Caterpillar', 2019, 'Active', 2),
    ('Кран', 'LTM 1900', 'Liebherr', 2020, 'Active', 3),
    ('Бетономешалка', 'MX110', 'Cifa', 2021, 'Active', 4),
    ('Грузовик', 'Actros LZ', 'Mercedes-Benz', 2017, 'Inactive', 5),
    ('Бульдозер', 'D8K', 'Caterpillar', 2018, 'Active', 6),
    ('Экскаватор', '390D L', 'Caterpillar', 2019, 'Active', 7),
    ('Кран', 'LTM 2000', 'Liebherr', 2020, 'Active', 8),
    ('Бетономешалка', 'MX120', 'Cifa', 2021, 'Active', 9),
    ('Грузовик', 'Arocs LZ', 'Mercedes-Benz', 2017, 'Inactive', 10),
    ('Бульдозер', 'D9K', 'Caterpillar', 2018, 'Active', 1),
    ('Экскаватор', '395D L', 'Caterpillar', 2019, 'Active', 2),
    ('Кран', 'LTM 2100', 'Liebherr', 2020, 'Active', 3),
    ('Бетономешалка', 'MX130', 'Cifa', 2021, 'Active', 4),
    ('Грузовик', 'Actros LZ', 'Mercedes-Benz', 2017, 'Inactive', 5),
    ('Бульдозер', 'D10K', 'Caterpillar', 2018, 'Active', 6),
    ('Экскаватор', '365D XL', 'Caterpillar', 2019, 'Active', 7),
    ('Кран', 'LTM 2200', 'Liebherr', 2020, 'Active', 8),
    ('Бетономешалка', 'MX140', 'Cifa', 2021, 'Active', 9),
    ('Грузовик', 'Arocs LZ', 'Mercedes-Benz', 2017, 'Inactive', 10);

INSERT INTO vehicles (v_type, v_model, v_manufacture, v_manuf_year, v_status, v_st_id)
VALUES
    ('Грузовик', 'KamAZ-5350', 'KamAZ', 2018, 'Active', 1),
    ('Бронетранспортер', 'BTR-80', 'ГАЗ', 2019, 'Active', 2),
    ('Танк', 'Т-90', 'Уралвагонзавод', 2020, 'Active', 3),
    ('Автомобиль', 'УАЗ-469', 'УАЗ', 2021, 'Active', 4),
    ('Автобус', 'ПАЗ-3205', 'ПАЗ', 2017, 'Inactive', 5),
    ('Грузовик', 'Урал-4320', 'УралАЗ', 2018, 'Active', 6),
    ('Бронетранспортер', 'BTR-82', 'ГАЗ', 2019, 'Active', 7),
    ('Танк', 'Т-72', 'Уралвагонзавод', 2020, 'Active', 8),
    ('Автомобиль', 'УАЗ-Патриот', 'УАЗ', 2021, 'Active', 9),
    ('Автобус', 'ЛиАЗ-5256', 'ЛиАЗ', 2017, 'Inactive', 10),
    ('Грузовик', 'KamAZ-6350', 'KamAZ', 2018, 'Active', 1),
    ('Бронетранспортер', 'BTR-70', 'ГАЗ', 2019, 'Active', 2),
    ('Танк', 'Т-80', 'Уралвагонзавод', 2020, 'Active', 3),
    ('Автомобиль', 'УАЗ-Хантер', 'УАЗ', 2021, 'Active', 4),
    ('Автобус', 'ПАЗ-4234', 'ПАЗ', 2017, 'Inactive', 5),
    ('Грузовик', 'Урал-5323', 'УралАЗ', 2018, 'Active', 6),
    ('Бронетранспортер', 'BTR-60', 'ГАЗ', 2019, 'Active', 7),
    ('Танк', 'Т-14 Армата', 'Уралвагонзавод', 2020, 'Active', 8),
    ('Автомобиль', 'УАЗ-452', 'УАЗ', 2021, 'Active', 9),
    ('Автобус', 'ЛиАЗ-5292', 'ЛиАЗ', 2017, 'Inactive', 10),
    ('Грузовик', 'KamAZ-4310', 'KamAZ', 2018, 'Active', 1),
    ('Бронетранспортер', 'BTR-90', 'ГАЗ', 2019, 'Active', 2),
    ('Танк', 'Т-62', 'Уралвагонзавод', 2020, 'Active', 3),
    ('Автомобиль', 'УАЗ-2206', 'УАЗ', 2021, 'Active', 4),
    ('Автобус', 'ПАЗ-3204', 'ПАЗ', 2017, 'Inactive', 5),
    ('Грузовик', 'Урал-5557', 'УралАЗ', 2018, 'Active', 6),
    ('Бронетранспортер', 'BTR-40', 'ГАЗ', 2019, 'Active', 7),
    ('Танк', 'Т-55', 'Уралвагонзавод', 2020, 'Active', 8),
    ('Автомобиль', 'УАЗ-3962', 'УАЗ', 2021, 'Active', 9),
    ('Автобус', 'ЛиАЗ-6213', 'ЛиАЗ', 2017, 'Inactive', 10),
    ('Грузовик', 'KamAZ-4326', 'KamAZ', 2018, 'Active', 1),
    ('Бронетранспортер', 'BTR-152', 'ГАЗ', 2019, 'Active', 2),
    ('Танк', 'Т-34', 'Уралвагонзавод', 2020, 'Active', 3),
    ('Автомобиль', 'УАЗ-3303', 'УАЗ', 2021, 'Active', 4),
    ('Автобус', 'ПАЗ-3203', 'ПАЗ', 2017, 'Inactive', 5),
    ('Грузовик', 'Урал-43206', 'УралАЗ', 2018, 'Active', 6),
    ('Бронетранспортер', 'BTR-50', 'ГАЗ', 2019, 'Active', 7),
    ('Танк', 'Т-26', 'Уралвагонзавод', 2020, 'Active', 8),
    ('Автомобиль', 'УАЗ-3151', 'УАЗ', 2021, 'Active', 9),
    ('Автобус', 'ЛиАЗ-5293', 'ЛиАЗ', 2017, 'Inactive', 10),
    ('Грузовик', 'KamAZ-4350', 'KamAZ', 2018, 'Active', 1),
    ('Бронетранспортер', 'BTR-3', 'ГАЗ', 2019, 'Active', 2),
    ('Танк', 'Т-64', 'Уралвагонзавод', 2020, 'Active', 3),
    ('Автомобиль', 'УАЗ-3159', 'УАЗ', 2021, 'Active', 4),
    ('Автобус', 'ПАЗ-3206', 'ПАЗ', 2017, 'Inactive', 5),
    ('Грузовик', 'Урал-4322', 'УралАЗ', 2018, 'Active', 6),
    ('Бронетранспортер', 'BTR-4', 'ГАЗ', 2019, 'Active', 7),
    ('Танк', 'Т-44', 'Уралвагонзавод', 2020, 'Active', 8),
    ('Автомобиль', 'УАЗ-3160', 'УАЗ', 2021, 'Active', 9),
    ('Автобус', 'ЛиАЗ-5294', 'ЛиАЗ', 2017, 'Inactive', 10),
    ('Грузовик', 'KamAZ-43501', 'KamAZ', 2018, 'Active', 1),
    ('Бронетранспортер', 'BTR-7', 'ГАЗ', 2019, 'Active', 2),
    ('Танк', 'Т-28', 'Уралвагонзавод', 2020, 'Active', 3),
    ('Автомобиль', 'УАЗ-3162', 'УАЗ', 2021, 'Active', 4),
    ('Автобус', 'ПАЗ-3207', 'ПАЗ', 2017, 'Inactive', 5),
    ('Грузовик', 'Урал-43207', 'УралАЗ', 2018, 'Active', 6),
    ('Бронетранспортер', 'BTR-60PB', 'ГАЗ', 2019, 'Active', 7),
    ('Танк', 'Т-35', 'Уралвагонзавод', 2020, 'Active', 8),
    ('Автомобиль', 'УАЗ-3163', 'УАЗ', 2021, 'Active', 9),
    ('Автобус', 'ЛиАЗ-5295', 'ЛиАЗ', 2017, 'Inactive', 10);

INSERT INTO suppliers (sp_name, sp_contacts, sp_rating)
VALUES
    ('ООО "ВоенТехСнаб"', '+7-999-123-45-67', 4.75),
    ('АО "АрсеналСервис"', '+7-999-234-56-78', 4.50),
    ('ЗАО "ТехноИмпекс"', '+7-999-345-67-89', 4.25),
    ('ИП "Снабжение и Ко"', '+7-999-456-78-90', 4.00),
    ('ООО "ГлобалТех"', '+7-999-567-89-01', 4.80),
    ('АО "ВоенМаш"', '+7-999-678-90-12', 4.60),
    ('ООО "ТехноСнаб"', '+7-999-789-01-23', 4.40),
    ('ИП "Армейские Решения"', '+7-999-890-12-34', 4.20),
    ('ООО "СпецТехника"', '+7-999-901-23-45', 4.90),
    ('АО "ВоенКомплект"', '+7-999-012-34-56', 4.70),
    ('ООО "ТехноПрофи"', '+7-999-123-45-67', 4.55),
    ('ИП "СнабТех"', '+7-999-234-56-78', 4.35),
    ('ООО "АрсеналГрупп"', '+7-999-345-67-89', 4.15),
    ('АО "ТехноСервис"', '+7-999-456-78-90', 4.85),
    ('ООО "ВоенСнаб"', '+7-999-567-89-01', 4.65),
    ('ИП "ТехноМир"', '+7-999-678-90-12', 4.45),
    ('ООО "Армейские Технологии"', '+7-999-789-01-23', 4.25),
    ('АО "СпецСнаб"', '+7-999-890-12-34', 4.95),
    ('ООО "ТехноГарант"', '+7-999-901-23-45', 4.75),
    ('ИП "ВоенРесурс"', '+7-999-012-34-56', 4.55),
    ('ООО "АрсеналТех"', '+7-999-123-45-67', 4.35),
    ('АО "ТехноСнабжение"', '+7-999-234-56-78', 4.15),
    ('ООО "ВоенКомплектСервис"', '+7-999-345-67-89', 4.85),
    ('ИП "ТехноПрофиСнаб"', '+7-999-456-78-90', 4.65),
    ('ООО "Армейские Ресурсы"', '+7-999-567-89-01', 4.45),
    ('АО "СпецТехСнаб"', '+7-999-678-90-12', 4.25),
    ('ООО "ТехноГарантСервис"', '+7-999-789-01-23', 4.95),
    ('ИП "ВоенТехРесурс"', '+7-999-890-12-34', 4.75),
    ('ООО "АрсеналСнаб"', '+7-999-901-23-45', 4.55),
    ('АО "ТехноСервисГрупп"', '+7-999-012-34-56', 4.35),
    ('ООО "ВоенТехСервис"', '+7-999-123-45-67', 4.15),
    ('ИП "ТехноСнабРесурс"', '+7-999-234-56-78', 4.85),
    ('ООО "Армейские ТехнологииСнаб"', '+7-999-345-67-89', 4.65),
    ('АО "СпецТехСервис"', '+7-999-456-78-90', 4.45),
    ('ООО "ТехноГарантРесурс"', '+7-999-567-89-01', 4.25),
    ('ИП "ВоенСнабРесурс"', '+7-999-678-90-12', 4.95),
    ('ООО "АрсеналТехСервис"', '+7-999-789-01-23', 4.75),
    ('АО "ТехноСнабГрупп"', '+7-999-890-12-34', 4.55),
    ('ООО "ВоенКомплектРесурс"', '+7-999-901-23-45', 4.35),
    ('ИП "ТехноПрофиСервис"', '+7-999-012-34-56', 4.15),
    ('ООО "Армейские РесурсыСнаб"', '+7-999-123-45-67', 4.85),
    ('АО "СпецТехРесурс"', '+7-999-234-56-78', 4.65),
    ('ООО "ТехноГарантСнаб"', '+7-999-345-67-89', 4.45),
    ('ИП "ВоенТехСервисРесурс"', '+7-999-456-78-90', 4.25),
    ('ООО "АрсеналСервисРесурс"', '+7-999-567-89-01', 4.95),
    ('АО "ТехноСнабСервис"', '+7-999-678-90-12', 4.75),
    ('ООО "ВоенСнабСервис"', '+7-999-789-01-23', 4.55),
    ('ИП "ТехноПрофиРесурс"', '+7-999-890-12-34', 4.35),
    ('ООО "Армейские ТехнологииРесурс"', '+7-999-901-23-45', 4.15),
    ('АО "СпецТехСнабСервис"', '+7-999-012-34-56', 4.85),
    ('ООО "ТехноГарантСервисРесурс"', '+7-999-123-45-67', 4.65),
    ('ИП "ВоенТехСнабРесурс"', '+7-999-234-56-78', 4.45),
    ('ООО "АрсеналРесурс"', '+7-999-345-67-89', 4.25),
    ('АО "ТехноСервисРесурс"', '+7-999-456-78-90', 4.95),
    ('ООО "ВоенКомплектСнаб"', '+7-999-567-89-01', 4.75),
    ('ИП "ТехноСнабРесурсСервис"', '+7-999-678-90-12', 4.55),
    ('ООО "Армейские РесурсыСервис"', '+7-999-789-01-23', 4.35),
    ('АО "СпецТехРесурсСервис"', '+7-999-890-12-34', 4.15),
    ('ООО "ТехноГарантРесурсСервис"', '+7-999-901-23-45', 4.85),
    ('ИП "ВоенСнабРесурсСервис"', '+7-999-012-34-56', 4.65);

INSERT INTO personnel (p_fullname, p_rank, p_unit, p_contacts, p_acc_level)
VALUES
    ('Иванов Иван Иванович', 'Рядовой', '1-я мотострелковая рота', '+7-999-111-11-11', 'сотрудник'),
    ('Петров Петр Петрович', 'Сержант', '2-я танковая рота', '+7-999-222-22-22', 'сотрудник'),
    ('Сидоров Сидор Сидорович', 'Лейтенант', '3-я артиллерийская батарея', '+7-999-333-33-33', 'менеджер'),
    ('Кузнецов Алексей Владимирович', 'Капитан', 'Штаб батальона', '+7-999-444-44-44', 'администратор'),
    ('Смирнов Дмитрий Сергеевич', 'Майор', 'Отдел логистики', '+7-999-555-55-55', 'администратор'),
    ('Васильев Андрей Николаевич', 'Рядовой', '1-я мотострелковая рота', '+7-999-666-66-66', 'сотрудник'),
    ('Михайлов Михаил Михайлович', 'Сержант', '2-я танковая рота', '+7-999-777-77-77', 'сотрудник'),
    ('Новиков Александр Александрович', 'Лейтенант', '3-я артиллерийская батарея', '+7-999-888-88-88', 'менеджер'),
    ('Федоров Федор Федорович', 'Капитан', 'Штаб батальона', '+7-999-999-99-99', 'администратор'),
    ('Морозов Игорь Викторович', 'Майор', 'Отдел логистики', '+7-999-000-00-00', 'администратор'),
    ('Волков Владимир Владимирович', 'Рядовой', '1-я мотострелковая рота', '+7-999-111-22-33', 'сотрудник'),
    ('Алексеев Алексей Алексеевич', 'Сержант', '2-я танковая рота', '+7-999-222-33-44', 'сотрудник'),
    ('Лебедев Леонид Леонидович', 'Лейтенант', '3-я артиллерийская батарея', '+7-999-333-44-55', 'менеджер'),
    ('Семенов Семен Семенович', 'Капитан', 'Штаб батальона', '+7-999-444-55-66', 'администратор'),
    ('Егоров Егор Егорович', 'Майор', 'Отдел логистики', '+7-999-555-66-77', 'администратор'),
    ('Павлов Павел Павлович', 'Рядовой', '1-я мотострелковая рота', '+7-999-666-77-88', 'сотрудник'),
    ('Сергеев Сергей Сергеевич', 'Сержант', '2-я танковая рота', '+7-999-777-88-99', 'сотрудник'),
    ('Николаев Николай Николаевич', 'Лейтенант', '3-я артиллерийская батарея', '+7-999-888-99-00', 'менеджер'),
    ('Козлов Константин Константинович', 'Капитан', 'Штаб батальона', '+7-999-999-00-11', 'администратор'),
    ('Ильин Илья Ильич', 'Майор', 'Отдел логистики', '+7-999-000-11-22', 'администратор'),
    ('Макаров Максим Максимович', 'Рядовой', '1-я мотострелковая рота', '+7-999-111-33-44', 'сотрудник'),
    ('Захаров Захар Захарович', 'Сержант', '2-я танковая рота', '+7-999-222-44-55', 'сотрудник'),
    ('Степанов Степан Степанович', 'Лейтенант', '3-я артиллерийская батарея', '+7-999-333-55-66', 'менеджер'),
    ('Дмитриев Дмитрий Дмитриевич', 'Капитан', 'Штаб батальона', '+7-999-444-66-77', 'администратор'),
    ('Андреев Андрей Андреевич', 'Майор', 'Отдел логистики', '+7-999-555-77-88', 'администратор'),
    ('Тимофеев Тимофей Тимофеевич', 'Рядовой', '1-я мотострелковая рота', '+7-999-666-88-99', 'сотрудник'),
    ('Романов Роман Романович', 'Сержант', '2-я танковая рота', '+7-999-777-99-00', 'сотрудник'),
    ('Владимиров Владимир Владимирович', 'Лейтенант', '3-я артиллерийская батарея', '+7-999-888-00-11', 'менеджер'),
    ('Борисов Борис Борисович', 'Капитан', 'Штаб батальона', '+7-999-999-11-22', 'администратор'),
    ('Григорьев Григорий Григорьевич', 'Майор', 'Отдел логистики', '+7-999-000-22-33', 'администратор'),
    ('Филиппов Филипп Филиппович', 'Рядовой', '1-я мотострелковая рота', '+7-999-111-44-55', 'сотрудник'),
    ('Марков Марк Маркович', 'Сержант', '2-я танковая рота', '+7-999-222-55-66', 'сотрудник'),
    ('Кириллов Кирилл Кириллович', 'Лейтенант', '3-я артиллерийская батарея', '+7-999-333-66-77', 'менеджер'),
    ('Александров Александр Александрович', 'Капитан', 'Штаб батальона', '+7-999-444-77-88', 'администратор'),
    ('Данилов Даниил Данилович', 'Майор', 'Отдел логистики', '+7-999-555-88-99', 'администратор'),
    ('Герасимов Герасим Герасимович', 'Рядовой', '1-я мотострелковая рота', '+7-999-666-99-00', 'сотрудник'),
    ('Савельев Савелий Савельевич', 'Сержант', '2-я танковая рота', '+7-999-777-00-11', 'сотрудник'),
    ('Яковлев Яков Яковлевич', 'Лейтенант', '3-я артиллерийская батарея', '+7-999-888-11-22', 'менеджер'),
    ('Гордеев Гордей Гордеевич', 'Капитан', 'Штаб батальона', '+7-999-999-22-33', 'администратор'),
    ('Тихонов Тихон Тихонович', 'Майор', 'Отдел логистики', '+7-999-000-33-44', 'администратор'),
    ('Артемьев Артем Артемович', 'Рядовой', '1-я мотострелковая рота', '+7-999-111-55-66', 'сотрудник'),
    ('Глебов Глеб Глебович', 'Сержант', '2-я танковая рота', '+7-999-222-66-77', 'сотрудник'),
    ('Матвеев Матвей Матвеевич', 'Лейтенант', '3-я артиллерийская батарея', '+7-999-333-77-88', 'менеджер'),
    ('Родионов Родион Родионович', 'Капитан', 'Штаб батальона', '+7-999-444-88-99', 'администратор'),
    ('Олегов Олег Олегович', 'Майор', 'Отдел логистики', '+7-999-555-99-00', 'администратор'),
    ('Викторов Виктор Викторович', 'Рядовой', '1-я мотострелковая рота', '+7-999-666-00-11', 'сотрудник'),
    ('Ефимов Ефим Ефимович', 'Сержант', '2-я танковая рота', '+7-999-777-11-22', 'сотрудник'),
    ('Денисов Денис Денисович', 'Лейтенант', '3-я артиллерийская батарея', '+7-999-888-22-33', 'менеджер'),
    ('Арсеньев Арсений Арсеньевич', 'Капитан', 'Штаб батальона', '+7-999-999-33-44', 'администратор'),
    ('Игнатьев Игнат Игнатьевич', 'Майор', 'Отдел логистики', '+7-999-000-44-55', 'администратор'),
    ('Львов Лев Львович', 'Рядовой', '1-я мотострелковая рота', '+7-999-111-66-77', 'сотрудник'),
    ('Максимов Максим Максимович', 'Сержант', '2-я танковая рота', '+7-999-222-77-88', 'сотрудник'),
    ('Святославов Святослав Святославович', 'Лейтенант', '3-я артиллерийская батарея', '+7-999-333-88-99', 'менеджер'),
    ('Всеволодов Всеволод Всеволодович', 'Капитан', 'Штаб батальона', '+7-999-444-99-00', 'администратор'),
    ('Ярославов Ярослав Ярославович', 'Майор', 'Отдел логистики', '+7-999-555-00-11', 'администратор');

INSERT INTO m2m_personnel_storages (ps_p_id, ps_st_id)
VALUES
    (1, 1), (2, 2), (3, 3), (4, 4), (5, 5), (6, 6), (7, 7), (8, 8), (9, 9), (10, 10),
    (11, 11), (12, 12), (13, 13), (14, 14), (15, 15), (16, 16), (17, 17), (18, 18), (19, 19), (20, 20),
    (21, 21), (22, 22), (23, 23), (24, 24), (25, 25), (26, 26), (27, 27), (28, 28), (29, 29), (30, 30),
    (31, 31), (32, 32), (33, 33), (34, 34), (35, 35), (36, 36), (37, 37), (38, 38), (39, 39), (40, 40),
    (41, 41), (42, 42), (43, 43), (44, 44), (45, 45), (46, 46), (47, 47), (48, 48), (49, 49), (50, 50),
    (51, 51), (52, 52), (53, 53), (54, 54), (55, 55), (1, 56), (2, 57), (3, 58), (4, 59), (5, 60);

INSERT INTO resources (res_name, res_quantity)
VALUES
    ('Цемент', 10000),
    ('Песок', 50000),
    ('Щебень', 30000),
    ('Арматура', 20000),
    ('Бетонные блоки', 15000),
    ('Кирпич', 25000),
    ('Доски', 40000),
    ('Фанера', 10000),
    ('Гипсокартон', 8000),
    ('Металлические листы', 12000),
    ('Трубы стальные', 9000),
    ('Трубы пластиковые', 7000),
    ('Краска', 5000),
    ('Шурупы', 30000),
    ('Гвозди', 40000),
    ('Проволока', 20000),
    ('Кабель', 15000),
    ('Рубероид', 10000),
    ('Черепица', 8000),
    ('Стекло', 6000),
    ('Пенопласт', 7000),
    ('Минеральная вата', 5000),
    ('Керамическая плитка', 9000),
    ('Линолеум', 6000),
    ('Лак', 4000),
    ('Клей', 3000),
    ('Грунтовка', 2000),
    ('Шпатлевка', 3000),
    ('Гипс', 4000),
    ('Известь', 5000),
    ('Асфальт', 10000),
    ('Битум', 8000),
    ('Гидроизоляция', 6000),
    ('Теплоизоляция', 7000),
    ('Сэндвич-панели', 5000),
    ('Металлопрофиль', 9000),
    ('Пластиковые панели', 6000),
    ('Дверные блоки', 4000),
    ('Оконные блоки', 5000),
    ('Лестничные марши', 3000),
    ('Балки', 2000),
    ('Колонны', 1500),
    ('Фундаментные блоки', 2500),
    ('Сваи', 3000),
    ('Кровельные материалы', 4000),
    ('Вентиляционные решетки', 5000),
    ('Канализационные люки', 2000),
    ('Сантехнические трубы', 3000),
    ('Электропроводка', 4000),
    ('Розетки', 5000),
    ('Выключатели', 6000),
    ('Светильники', 7000),
    ('Кабельные каналы', 8000),
    ('Распределительные коробки', 9000),
    ('Автоматические выключатели', 10000),
    ('Трансформаторы', 500),
    ('Генераторы', 300),
    ('Компрессоры', 200),
    ('Насосы', 400);

INSERT INTO maintenance (mn_date, mn_type, mn_desc, mn_res_id)
VALUES
    ('2023-01-15', 'Техническое обслуживание', 'Замена электропроводки', 17), -- Кабель
    ('2023-02-10', 'Ремонт', 'Устранение трещин в фундаменте', 1), -- Цемент
    ('2023-03-05', 'Профилактика', 'Очистка и смазка механизмов', 20), -- Металлические листы
    ('2023-04-20', 'Инспекция', 'Проверка состояния кровли', 19), -- Черепица
    ('2023-05-12', 'Техническое обслуживание', 'Замена светильников', 52), -- Светильники
    ('2023-06-18', 'Ремонт', 'Устранение протечек в трубах', 12), -- Трубы пластиковые
    ('2023-07-22', 'Профилактика', 'Очистка вентиляционных систем', 16), -- Проволока
    ('2023-08-30', 'Инспекция', 'Проверка состояния оконных блоков', 39), -- Оконные блоки
    ('2023-09-14', 'Техническое обслуживание', 'Замена дверных петель', 38), -- Дверные блоки
    ('2023-10-05', 'Ремонт', 'Устранение повреждений стен', 6), -- Кирпич
    ('2023-11-11', 'Профилактика', 'Очистка и покраска фасада', 13), -- Краска
    ('2023-12-25', 'Инспекция', 'Проверка состояния лестниц', 41), -- Лестничные марши
    ('2024-01-07', 'Техническое обслуживание', 'Замена розеток и выключателей', 50), -- Розетки
    ('2024-02-15', 'Ремонт', 'Устранение неполадок в системе отопления', 11), -- Трубы стальные
    ('2024-03-20', 'Профилактика', 'Очистка канализационных систем', 48), -- Сантехнические трубы
    ('2024-04-10', 'Инспекция', 'Проверка состояния сантехники', 48), -- Сантехнические трубы
    ('2024-05-05', 'Техническое обслуживание', 'Замена автоматических выключателей', 55), -- Автоматические выключатели
    ('2024-06-12', 'Ремонт', 'Устранение трещин в асфальте', 31), -- Асфальт
    ('2024-07-18', 'Профилактика', 'Очистка и смазка ворот', 36), -- Металлопрофиль
    ('2024-08-22', 'Инспекция', 'Проверка состояния заборов', 36), -- Металлопрофиль
    ('2024-09-30', 'Техническое обслуживание', 'Замена гидроизоляции', 33), -- Гидроизоляция
    ('2024-10-14', 'Ремонт', 'Устранение повреждений крыши', 19), -- Черепица
    ('2024-11-05', 'Профилактика', 'Очистка и покраска труб', 11), -- Трубы стальные
    ('2024-12-20', 'Инспекция', 'Проверка состояния фундамента', 1), -- Цемент
    ('2025-01-15', 'Техническое обслуживание', 'Замена оконных стекол', 39), -- Оконные блоки
    ('2025-02-10', 'Ремонт', 'Устранение протечек в кровле', 19), -- Черепица
    ('2025-03-05', 'Профилактика', 'Очистка и смазка дверей', 38), -- Дверные блоки
    ('2025-04-20', 'Инспекция', 'Проверка состояния стен', 6), -- Кирпич
    ('2025-05-12', 'Техническое обслуживание', 'Замена электропроводки', 17), -- Кабель
    ('2025-06-18', 'Ремонт', 'Устранение трещин в полу', 5), -- Бетонные блоки
    ('2025-07-22', 'Профилактика', 'Очистка вентиляционных систем', 16), -- Проволока
    ('2025-08-30', 'Инспекция', 'Проверка состояния дверей', 38), -- Дверные блоки
    ('2025-09-14', 'Техническое обслуживание', 'Замена дверных ручек', 38), -- Дверные блоки
    ('2025-10-05', 'Ремонт', 'Устранение повреждений потолка', 9), -- Гипсокартон
    ('2025-11-11', 'Профилактика', 'Очистка и покраска стен', 13), -- Краска
    ('2025-12-25', 'Инспекция', 'Проверка состояния лестниц', 41), -- Лестничные марши
    ('2026-01-07', 'Техническое обслуживание', 'Замена светильников', 52), -- Светильники
    ('2026-02-15', 'Ремонт', 'Устранение неполадок в системе отопления', 11), -- Трубы стальные
    ('2026-03-20', 'Профилактика', 'Очистка канализационных систем', 48), -- Сантехнические трубы
    ('2026-04-10', 'Инспекция', 'Проверка состояния сантехники', 48), -- Сантехнические трубы
    ('2026-05-05', 'Техническое обслуживание', 'Замена розеток и выключателей', 50), -- Розетки
    ('2026-06-12', 'Ремонт', 'Устранение трещин в асфальте', 31), -- Асфальт
    ('2026-07-18', 'Профилактика', 'Очистка и смазка ворот', 36), -- Металлопрофиль
    ('2026-08-22', 'Инспекция', 'Проверка состояния заборов', 36), -- Металлопрофиль
    ('2026-09-30', 'Техническое обслуживание', 'Замена гидроизоляции', 33), -- Гидроизоляция
    ('2026-10-14', 'Ремонт', 'Устранение повреждений крыши', 19), -- Черепица
    ('2026-11-05', 'Профилактика', 'Очистка и покраска труб', 11), -- Трубы стальные
    ('2026-12-20', 'Инспекция', 'Проверка состояния фундамента', 1), -- Цемент
    ('2027-01-15', 'Техническое обслуживание', 'Замена оконных стекол', 39), -- Оконные блоки
    ('2027-02-10', 'Ремонт', 'Устранение протечек в кровле', 19), -- Черепица
    ('2027-03-05', 'Профилактика', 'Очистка и смазка дверей', 38), -- Дверные блоки
    ('2027-04-20', 'Инспекция', 'Проверка состояния стен', 6), -- Кирпич
    ('2027-05-12', 'Техническое обслуживание', 'Замена электропроводки', 17), -- Кабель
    ('2027-06-18', 'Ремонт', 'Устранение трещин в полу', 5), -- Бетонные блоки
    ('2027-07-22', 'Профилактика', 'Очистка вентиляционных систем', 16), -- Проволока
    ('2027-08-30', 'Инспекция', 'Проверка состояния дверей', 38), -- Дверные блоки
    ('2027-09-14', 'Техническое обслуживание', 'Замена дверных ручек', 38), -- Дверные блоки
    ('2027-10-05', 'Ремонт', 'Устранение повреждений потолка', 9), -- Гипсокартон
    ('2027-11-11', 'Профилактика', 'Очистка и покраска стен', 13), -- Краска
    ('2027-12-25', 'Инспекция', 'Проверка состояния лестниц', 41); -- Лестничные марши

INSERT INTO m2m_personnel_maintenance (pm_p_id, pm_mn_id)
VALUES
    (1, 1), (2, 2), (3, 3), (4, 4), (5, 5), (6, 6), (7, 7), (8, 8), (9, 9), (10, 10),
    (11, 11), (12, 12), (13, 13), (14, 14), (15, 15), (16, 16), (17, 17), (18, 18), (19, 19), (20, 20),
    (21, 21), (22, 22), (23, 23), (24, 24), (25, 25), (26, 26), (27, 27), (28, 28), (29, 29), (30, 30),
    (31, 31), (32, 32), (33, 33), (34, 34), (35, 35), (36, 36), (37, 37), (38, 38), (39, 39), (40, 40),
    (41, 41), (42, 42), (43, 43), (44, 44), (45, 45), (46, 46), (47, 47), (48, 48), (49, 49), (50, 50),
    (51, 51), (52, 52), (53, 53), (54, 54), (55, 55), (1, 56), (2, 57), (3, 58), (4, 59), (5, 60);

INSERT INTO orders (o_quantity, o_date, o_status, o_res_id)
VALUES
    (100, '2023-01-15', 'Processing', 1), -- Цемент
    (200, '2023-02-10', 'Completed', 2), -- Песок
    (150, '2023-03-05', 'Processing', 3), -- Щебень
    (300, '2023-04-20', 'Completed', 4), -- Арматура
    (250, '2023-05-12', 'Processing', 5), -- Бетонные блоки
    (400, '2023-06-18', 'Completed', 6), -- Кирпич
    (500, '2023-07-22', 'Processing', 7), -- Доски
    (100, '2023-08-30', 'Completed', 8), -- Фанера
    (200, '2023-09-14', 'Processing', 9), -- Гипсокартон
    (300, '2023-10-05', 'Completed', 10), -- Металлические листы
    (150, '2023-11-11', 'Processing', 11), -- Трубы стальные
    (250, '2023-12-25', 'Completed', 12), -- Трубы пластиковые
    (100, '2024-01-07', 'Processing', 13), -- Краска
    (200, '2024-02-15', 'Completed', 14), -- Шурупы
    (150, '2024-03-20', 'Processing', 15), -- Гвозди
    (300, '2024-04-10', 'Completed', 16), -- Проволока
    (250, '2024-05-05', 'Processing', 17), -- Кабель
    (400, '2024-06-12', 'Completed', 18), -- Рубероид
    (500, '2024-07-18', 'Processing', 19), -- Черепица
    (100, '2024-08-22', 'Completed', 20), -- Стекло
    (200, '2024-09-30', 'Processing', 21), -- Пенопласт
    (150, '2024-10-14', 'Completed', 22), -- Минеральная вата
    (300, '2024-11-05', 'Processing', 23), -- Керамическая плитка
    (250, '2024-12-20', 'Completed', 24), -- Линолеум
    (100, '2025-01-15', 'Processing', 25), -- Лак
    (200, '2025-02-10', 'Completed', 26), -- Клей
    (150, '2025-03-05', 'Processing', 27), -- Грунтовка
    (300, '2025-04-20', 'Completed', 28), -- Шпатлевка
    (250, '2025-05-12', 'Processing', 29), -- Гипс
    (400, '2025-06-18', 'Completed', 30), -- Известь
    (500, '2025-07-22', 'Processing', 31), -- Асфальт
    (100, '2025-08-30', 'Completed', 32), -- Битум
    (200, '2025-09-14', 'Processing', 33), -- Гидроизоляция
    (150, '2025-10-05', 'Completed', 34), -- Теплоизоляция
    (300, '2025-11-11', 'Processing', 35), -- Сэндвич-панели
    (250, '2025-12-25', 'Completed', 36), -- Металлопрофиль
    (100, '2026-01-07', 'Processing', 37), -- Пластиковые панели
    (200, '2026-02-15', 'Completed', 38), -- Дверные блоки
    (150, '2026-03-20', 'Processing', 39), -- Оконные блоки
    (300, '2026-04-10', 'Completed', 40), -- Лестничные марши
    (250, '2026-05-05', 'Processing', 41), -- Балки
    (400, '2026-06-12', 'Completed', 42), -- Колонны
    (500, '2026-07-18', 'Processing', 43), -- Фундаментные блоки
    (100, '2026-08-22', 'Completed', 44), -- Сваи
    (200, '2026-09-30', 'Processing', 45), -- Кровельные материалы
    (150, '2026-10-14', 'Completed', 46), -- Вентиляционные решетки
    (300, '2026-11-05', 'Processing', 47), -- Канализационные люки
    (250, '2026-12-20', 'Completed', 48), -- Сантехнические трубы
    (100, '2027-01-15', 'Processing', 49), -- Электропроводка
    (200, '2027-02-10', 'Completed', 50), -- Розетки
    (150, '2027-03-05', 'Processing', 51), -- Выключатели
    (300, '2027-04-20', 'Completed', 52), -- Светильники
    (250, '2027-05-12', 'Processing', 53), -- Кабельные каналы
    (400, '2027-06-18', 'Completed', 54), -- Распределительные коробки
    (500, '2027-07-22', 'Processing', 55), -- Автоматические выключатели
    (100, '2027-08-30', 'Completed', 56), -- Трансформаторы
    (200, '2027-09-14', 'Processing', 57), -- Генераторы
    (150, '2027-10-05', 'Completed', 58), -- Компрессоры
    (300, '2027-11-11', 'Processing', 59), -- Насосы
    (250, '2027-12-25', 'Completed', 59); -- Насосы

INSERT INTO m2m_orders_suppliers (os_o_id, os_sp_id)
VALUES
    (1, 1), (2, 2), (3, 3), (4, 4), (5, 5), (6, 6), (7, 7), (8, 8), (9, 9), (10, 10),
    (11, 11), (12, 12), (13, 13), (14, 14), (15, 15), (16, 16), (17, 17), (18, 18), (19, 19), (20, 20),
    (21, 21), (22, 22), (23, 23), (24, 24), (25, 25), (26, 26), (27, 27), (28, 28), (29, 29), (30, 30),
    (31, 31), (32, 32), (33, 33), (34, 34), (35, 35), (36, 36), (37, 37), (38, 38), (39, 39), (40, 40),
    (41, 41), (42, 42), (43, 43), (44, 44), (45, 45), (46, 46), (47, 47), (48, 48), (49, 49), (50, 50),
    (51, 51), (52, 52), (53, 53), (54, 54), (55, 55), (56, 56), (57, 57), (58, 58), (59, 59), (60, 60);

INSERT INTO m2m_resources_suppliers (rs_res_id, rs_sp_id)
VALUES
    (1, 1), (2, 2), (3, 3), (4, 4), (5, 5), (6, 6), (7, 7), (8, 8), (9, 9), (10, 10),
    (11, 11), (12, 12), (13, 13), (14, 14), (15, 15), (16, 16), (17, 17), (18, 18), (19, 19), (20, 20),
    (21, 21), (22, 22), (23, 23), (24, 24), (25, 25), (26, 26), (27, 27), (28, 28), (29, 29), (30, 30),
    (31, 31), (32, 32), (33, 33), (34, 34), (35, 35), (36, 36), (37, 37), (38, 38), (39, 39), (40, 40),
    (41, 41), (42, 42), (43, 43), (44, 44), (45, 45), (46, 46), (47, 47), (48, 48), (49, 49), (50, 50),
    (51, 51), (52, 52), (53, 53), (54, 54), (55, 55), (56, 56), (57, 57), (58, 58), (59, 59), (1, 60);

INSERT INTO m2m_personnel_orders (po_p_id, po_o_id)
VALUES
    (1, 1), (2, 2), (3, 3), (4, 4), (5, 5), (6, 6), (7, 7), (8, 8), (9, 9), (10, 10),
    (11, 11), (12, 12), (13, 13), (14, 14), (15, 15), (16, 16), (17, 17), (18, 18), (19, 19), (20, 20),
    (21, 21), (22, 22), (23, 23), (24, 24), (25, 25), (26, 26), (27, 27), (28, 28), (29, 29), (30, 30),
    (31, 31), (32, 32), (33, 33), (34, 34), (35, 35), (36, 36), (37, 37), (38, 38), (39, 39), (40, 40),
    (41, 41), (42, 42), (43, 43), (44, 44), (45, 45), (46, 46), (47, 47), (48, 48), (49, 49), (50, 50),
    (51, 51), (52, 52), (53, 53), (54, 54), (55, 55), (1, 56), (2, 57), (3, 58), (4, 59), (5, 60);

INSERT INTO write_offs (wo_reason, wo_date, wo_res_id)
VALUES
    ('Порча', '2023-01-15', 1), -- Цемент
    ('Истечение срока годности', '2023-02-10', 2), -- Песок
    ('Порча', '2023-03-05', 3), -- Щебень
    ('Истечение срока годности', '2023-04-20', 4), -- Арматура
    ('Порча', '2023-05-12', 5), -- Бетонные блоки
    ('Истечение срока годности', '2023-06-18', 6), -- Кирпич
    ('Порча', '2023-07-22', 7), -- Доски
    ('Истечение срока годности', '2023-08-30', 8), -- Фанера
    ('Порча', '2023-09-14', 9), -- Гипсокартон
    ('Истечение срока годности', '2023-10-05', 10), -- Металлические листы
    ('Порча', '2023-11-11', 11), -- Трубы стальные
    ('Истечение срока годности', '2023-12-25', 12), -- Трубы пластиковые
    ('Порча', '2024-01-07', 13), -- Краска
    ('Истечение срока годности', '2024-02-15', 14), -- Шурупы
    ('Порча', '2024-03-20', 15), -- Гвозди
    ('Истечение срока годности', '2024-04-10', 16), -- Проволока
    ('Порча', '2024-05-05', 17), -- Кабель
    ('Истечение срока годности', '2024-06-12', 18), -- Рубероид
    ('Порча', '2024-07-18', 19), -- Черепица
    ('Истечение срока годности', '2024-08-22', 20), -- Стекло
    ('Порча', '2024-09-30', 21), -- Пенопласт
    ('Истечение срока годности', '2024-10-14', 22), -- Минеральная вата
    ('Порча', '2024-11-05', 23), -- Керамическая плитка
    ('Истечение срока годности', '2024-12-20', 24), -- Линолеум
    ('Порча', '2025-01-15', 25), -- Лак
    ('Истечение срока годности', '2025-02-10', 26), -- Клей
    ('Порча', '2025-03-05', 27), -- Грунтовка
    ('Истечение срока годности', '2025-04-20', 28), -- Шпатлевка
    ('Порча', '2025-05-12', 29), -- Гипс
    ('Истечение срока годности', '2025-06-18', 30), -- Известь
    ('Порча', '2025-07-22', 31), -- Асфальт
    ('Истечение срока годности', '2025-08-30', 32), -- Битум
    ('Порча', '2025-09-14', 33), -- Гидроизоляция
    ('Истечение срока годности', '2025-10-05', 34), -- Теплоизоляция
    ('Порча', '2025-11-11', 35), -- Сэндвич-панели
    ('Истечение срока годности', '2025-12-25', 36), -- Металлопрофиль
    ('Порча', '2026-01-07', 37), -- Пластиковые панели
    ('Истечение срока годности', '2026-02-15', 38), -- Дверные блоки
    ('Порча', '2026-03-20', 39), -- Оконные блоки
    ('Истечение срока годности', '2026-04-10', 40), -- Лестничные марши
    ('Порча', '2026-05-05', 41), -- Балки
    ('Истечение срока годности', '2026-06-12', 42), -- Колонны
    ('Порча', '2026-07-18', 43), -- Фундаментные блоки
    ('Истечение срока годности', '2026-08-22', 44), -- Сваи
    ('Порча', '2026-09-30', 45), -- Кровельные материалы
    ('Истечение срока годности', '2026-10-14', 46), -- Вентиляционные решетки
    ('Порча', '2026-11-05', 47), -- Канализационные люки
    ('Истечение срока годности', '2026-12-20', 48), -- Сантехнические трубы
    ('Порча', '2027-01-15', 49), -- Электропроводка
    ('Истечение срока годности', '2027-02-10', 50), -- Розетки
    ('Порча', '2027-03-05', 51), -- Выключатели
    ('Истечение срока годности', '2027-04-20', 52), -- Светильники
    ('Порча', '2027-05-12', 53), -- Кабельные каналы
    ('Истечение срока годности', '2027-06-18', 54), -- Распределительные коробки
    ('Порча', '2027-07-22', 55), -- Автоматические выключатели
    ('Истечение срока годности', '2027-08-30', 56), -- Трансформаторы
    ('Порча', '2027-09-14', 57), -- Генераторы
    ('Истечение срока годности', '2027-10-05', 58), -- Компрессоры
    ('Порча', '2027-11-11', 59), -- Насосы
    ('Истечение срока годности', '2027-12-25', 59); -- Насосы

INSERT INTO m2m_personnel_write_offs (pwo_p_id, pwo_wo_id)
VALUES
    (1, 1), (2, 2), (3, 3), (4, 4), (5, 5), (6, 6), (7, 7), (8, 8), (9, 9), (10, 10),
    (11, 11), (12, 12), (13, 13), (14, 14), (15, 15), (16, 16), (17, 17), (18, 18), (19, 19), (20, 20),
    (21, 21), (22, 22), (23, 23), (24, 24), (25, 25), (26, 26), (27, 27), (28, 28), (29, 29), (30, 30),
    (31, 31), (32, 32), (33, 33), (34, 34), (35, 35), (36, 36), (37, 37), (38, 38), (39, 39), (40, 40),
    (41, 41), (42, 42), (43, 43), (44, 44), (45, 45), (46, 46), (47, 47), (48, 48), (49, 49), (50, 50),
    (51, 51), (52, 52), (53, 53), (54, 54), (55, 55), (1, 56), (2, 57), (3, 58), (4, 59), (5, 60);

INSERT INTO transfers (tr_date, tr_start_storage_id, tr_end_storage_id, tr_res_id)
VALUES
    ('2023-01-15', 1, 2, 1), -- Цемент из Storage A в Storage B
    ('2023-02-10', 2, 3, 2), -- Песок из Storage B в Storage C
    ('2023-03-05', 3, 4, 3), -- Щебень из Storage C в Storage D
    ('2023-04-20', 4, 5, 4), -- Арматура из Storage D в Storage E
    ('2023-05-12', 5, 6, 5), -- Бетонные блоки из Storage E в Storage F
    ('2023-06-18', 6, 7, 6), -- Кирпич из Storage F в Storage G
    ('2023-07-22', 7, 8, 7), -- Доски из Storage G в Storage H
    ('2023-08-30', 8, 9, 8), -- Фанера из Storage H в Storage I
    ('2023-09-14', 9, 10, 9), -- Гипсокартон из Storage I в Storage J
    ('2023-10-05', 10, 11, 10), -- Металлические листы из Storage J в Storage K
    ('2023-11-11', 11, 12, 11), -- Трубы стальные из Storage K в Storage L
    ('2023-12-25', 12, 13, 12), -- Трубы пластиковые из Storage L в Storage M
    ('2024-01-07', 13, 14, 13), -- Краска из Storage M в Storage N
    ('2024-02-15', 14, 15, 14), -- Шурупы из Storage N в Storage O
    ('2024-03-20', 15, 16, 15), -- Гвозди из Storage O в Storage P
    ('2024-04-10', 16, 17, 16), -- Проволока из Storage P в Storage Q
    ('2024-05-05', 17, 18, 17), -- Кабель из Storage Q в Storage R
    ('2024-06-12', 18, 19, 18), -- Рубероид из Storage R в Storage S
    ('2024-07-18', 19, 20, 19), -- Черепица из Storage S в Storage T
    ('2024-08-22', 20, 21, 20), -- Стекло из Storage T в Storage U
    ('2024-09-30', 21, 22, 21), -- Пенопласт из Storage U в Storage V
    ('2024-10-14', 22, 23, 22), -- Минеральная вата из Storage V в Storage W
    ('2024-11-05', 23, 24, 23), -- Керамическая плитка из Storage W в Storage X
    ('2024-12-20', 24, 25, 24), -- Линолеум из Storage X в Storage Y
    ('2025-01-15', 25, 26, 25), -- Лак из Storage Y в Storage Z
    ('2025-02-10', 26, 27, 26), -- Клей из Storage Z в Storage AA
    ('2025-03-05', 27, 28, 27), -- Грунтовка из Storage AA в Storage AB
    ('2025-04-20', 28, 29, 28), -- Шпатлевка из Storage AB в Storage AC
    ('2025-05-12', 29, 30, 29), -- Гипс из Storage AC в Storage AD
    ('2025-06-18', 30, 31, 30), -- Известь из Storage AD в Storage AE
    ('2025-07-22', 31, 32, 31), -- Асфальт из Storage AE в Storage AF
    ('2025-08-30', 32, 33, 32), -- Битум из Storage AF в Storage AG
    ('2025-09-14', 33, 34, 33), -- Гидроизоляция из Storage AG в Storage AH
    ('2025-10-05', 34, 35, 34), -- Теплоизоляция из Storage AH в Storage AI
    ('2025-11-11', 35, 36, 35), -- Сэндвич-панели из Storage AI в Storage AJ
    ('2025-12-25', 36, 37, 36), -- Металлопрофиль из Storage AJ в Storage AK
    ('2026-01-07', 37, 38, 37), -- Пластиковые панели из Storage AK в Storage AL
    ('2026-02-15', 38, 39, 38), -- Дверные блоки из Storage AL в Storage AM
    ('2026-03-20', 39, 40, 39), -- Оконные блоки из Storage AM в Storage AN
    ('2026-04-10', 40, 41, 40), -- Лестничные марши из Storage AN в Storage AO
    ('2026-05-05', 41, 42, 41), -- Балки из Storage AO в Storage AP
    ('2026-06-12', 42, 43, 42), -- Колонны из Storage AP в Storage AQ
    ('2026-07-18', 43, 44, 43), -- Фундаментные блоки из Storage AQ в Storage AR
    ('2026-08-22', 44, 45, 44), -- Сваи из Storage AR в Storage AS
    ('2026-09-30', 45, 46, 45), -- Кровельные материалы из Storage AS в Storage AT
    ('2026-10-14', 46, 47, 46), -- Вентиляционные решетки из Storage AT в Storage AU
    ('2026-11-05', 47, 48, 47), -- Канализационные люки из Storage AU в Storage AV
    ('2026-12-20', 48, 49, 48), -- Сантехнические трубы из Storage AV в Storage AW
    ('2027-01-15', 49, 50, 49), -- Электропроводка из Storage AW в Storage AX
    ('2027-02-10', 50, 51, 50), -- Розетки из Storage AX в Storage AY
    ('2027-03-05', 51, 52, 51), -- Выключатели из Storage AY в Storage AZ
    ('2027-04-20', 52, 53, 52), -- Светильники из Storage AZ в Storage BA
    ('2027-05-12', 53, 54, 53), -- Кабельные каналы из Storage BA в Storage BB
    ('2027-06-18', 54, 55, 54), -- Распределительные коробки из Storage BB в Storage BC
    ('2027-07-22', 55, 56, 55), -- Автоматические выключатели из Storage BC в Storage BD
    ('2027-08-30', 56, 57, 56), -- Трансформаторы из Storage BD в Storage BE
    ('2027-09-14', 57, 58, 57), -- Генераторы из Storage BE в Storage BF
    ('2027-10-05', 58, 59, 58), -- Компрессоры из Storage BF в Storage BG
    ('2027-11-11', 59, 60, 59), -- Насосы из Storage BG в Storage BH
    ('2027-12-25', 60, 1, 59); -- Насосы из Storage BH в Storage A

INSERT INTO m2m_personnel_transfers (pt_p_id, pt_tr_id)
VALUES
    (1, 1), (2, 2), (3, 3), (4, 4), (5, 5), (6, 6), (7, 7), (8, 8), (9, 9), (10, 10),
    (11, 11), (12, 12), (13, 13), (14, 14), (15, 15), (16, 16), (17, 17), (18, 18), (19, 19), (20, 20),
    (21, 21), (22, 22), (23, 23), (24, 24), (25, 25), (26, 26), (27, 27), (28, 28), (29, 29), (30, 30),
    (31, 31), (32, 32), (33, 33), (34, 34), (35, 35), (36, 36), (37, 37), (38, 38), (39, 39), (40, 40),
    (41, 41), (42, 42), (43, 43), (44, 44), (45, 45), (46, 46), (47, 47), (48, 48), (49, 49), (50, 50),
    (51, 51), (52, 52), (53, 53), (54, 54), (55, 55), (1, 56), (2, 57), (3, 58), (4, 59), (5, 60);